"","baseMean","log2FoldChange","lfcSE","stat","pvalue","padj"
"gene1",436.965493699034,0.890270324177924,0.480119124230452,1.85426965777477,0.0637005907822748,0.318502953911374
"gene2",535.175392829041,-0.0469917250426415,0.89404417041127,-0.052560853924057,0.958081807875319,0.980965631282048
"gene3",464.329598885647,0.115965816767177,0.362743666129517,0.319690810881784,0.749202726373372,0.980965631282048
"gene4",494.437189980374,0.0117364334043447,0.491922313565828,0.0238583066486049,0.980965631282048,0.980965631282048
"gene5",400.993131878653,-0.382682666934475,0.535603168521789,-0.714489176736279,0.474924746436708,0.980965631282048
